,exact_matches,f1_scores,similarity_scores
0,0.00891089108910891,0.21345804533921695,0.4129127144813538
