,exact_matches,f1_scores,similarity_scores
0,0.003017241379310345,0.154551618056342714,0.3310330033302307
